<?xml version="1.0" encoding="UTF-8"?>
<AnyConnectPreferences>
<DefaultUser></DefaultUser>
<DefaultSecondUser></DefaultSecondUser>
<ClientCertificateThumbprint></ClientCertificateThumbprint>
<MultipleClientCertificateThumbprints></MultipleClientCertificateThumbprints>
<ServerCertificateThumbprint></ServerCertificateThumbprint>
<DefaultHostName>rasvpn-ihc-na-mtp-02.bosch.com</DefaultHostName>
<DefaultHostAddress>216.213.49.3:443</DefaultHostAddress>
<DefaultGroup></DefaultGroup>
<ProxyHost></ProxyHost>
<ProxyPort></ProxyPort>
<SDITokenType>none</SDITokenType>
<ControllablePreferences></ControllablePreferences>
</AnyConnectPreferences>
