<?xml version="1.0" encoding="UTF-8"?>
<!-- Version 2024-09-30 KUI7LOD FullProfile-->
<AnyConnectProfile xmlns="http://schemas.xmlsoap.org/encoding/" xmlns:xsi="http://www.w3.org/2001/XMLSchema-instance" xsi:schemaLocation="http://schemas.xmlsoap.org/encoding/ AnyConnectProfile.xsd">
	<ClientInitialization>
		<UseStartBeforeLogon UserControllable="false">false</UseStartBeforeLogon>
		<AutomaticCertSelection UserControllable="false">true</AutomaticCertSelection>
		<ShowPreConnectMessage>false</ShowPreConnectMessage>
		<CertificateStore>Machine</CertificateStore>
		<CertificateStoreMac>System</CertificateStoreMac>
		<CertificateStoreLinux>All</CertificateStoreLinux>
		<CertificateStoreOverride>true</CertificateStoreOverride>
		<ProxySettings>IgnoreProxy</ProxySettings>
		<AllowLocalProxyConnections>false</AllowLocalProxyConnections>
		<AuthenticationTimeout>30</AuthenticationTimeout>
		<AutoConnectOnStart UserControllable="false">false</AutoConnectOnStart>
		<MinimizeOnConnect UserControllable="true">true</MinimizeOnConnect>
		<LocalLanAccess UserControllable="false">false</LocalLanAccess>
		<DisableCaptivePortalDetection UserControllable="true">false</DisableCaptivePortalDetection>
		<ClearSmartcardPin UserControllable="false">true</ClearSmartcardPin>
		<IPProtocolSupport>IPv6,IPv4</IPProtocolSupport>
		<AutoReconnect UserControllable="true">true
			<AutoReconnectBehavior UserControllable="false">DisconnectOnSuspend</AutoReconnectBehavior>
		</AutoReconnect>
		<SuspendOnConnectedStandby>false</SuspendOnConnectedStandby>
		<AutoUpdate UserControllable="false">false</AutoUpdate>
		<RSASecurIDIntegration UserControllable="false">HardwareToken</RSASecurIDIntegration>
		<WindowsLogonEnforcement>SingleLocalLogon</WindowsLogonEnforcement>
		<LinuxLogonEnforcement>SingleLocalLogon</LinuxLogonEnforcement>
		<WindowsVPNEstablishment>AllowRemoteUsers</WindowsVPNEstablishment>
		<LinuxVPNEstablishment>AllowRemoteUsers</LinuxVPNEstablishment>
		<AutomaticVPNPolicy>false</AutomaticVPNPolicy>
		<PPPExclusion UserControllable="false">Disable
			<PPPExclusionServerIP UserControllable="false"></PPPExclusionServerIP>
		</PPPExclusion>
		<EnableScripting UserControllable="false">false</EnableScripting>
		<CertificateMatch>
			<MatchOnlyCertsWithKU>true</MatchOnlyCertsWithKU>
			<KeyUsage>
				<MatchKey>Digital_Signature</MatchKey>
			</KeyUsage>
			<ExtendedKeyUsage>
				<ExtendedMatchKey>ClientAuth</ExtendedMatchKey>
			</ExtendedKeyUsage>
			<DistinguishedName>
				<DistinguishedNameDefinition Operator="Equal" Wildcard="Enabled" MatchCase="Enabled">
					<Name>ISSUER-CN</Name>
					<Pattern>CA</Pattern>
				</DistinguishedNameDefinition>
				<DistinguishedNameDefinition Operator="Equal" Wildcard="Enabled" MatchCase="Enabled">
					<Name>ISSUER-CN</Name>
					<Pattern>B</Pattern>
				</DistinguishedNameDefinition>
			</DistinguishedName>
		</CertificateMatch>
		<EnableAutomaticServerSelection UserControllable="false">false
			<AutoServerSelectionImprovement>20</AutoServerSelectionImprovement>
			<AutoServerSelectionSuspendTime>4</AutoServerSelectionSuspendTime>
		</EnableAutomaticServerSelection>
		<RetainVpnOnLogoff>false
		</RetainVpnOnLogoff>
		<CaptivePortalRemediationBrowserFailover>false</CaptivePortalRemediationBrowserFailover>
		<AllowManualHostInput>true</AllowManualHostInput>
	</ClientInitialization>
	<ServerList>
		<HostEntry>
			<HostName>IntRAS EMEA Germany</HostName>
			<HostAddress>rasvpn-ihc-emea.bosch.com</HostAddress>
			<UserGroup>IntRAS</UserGroup>
		</HostEntry>
		<HostEntry>
			<HostName>IntRAS NA USA</HostName>
			<HostAddress>rasvpn-ihc-na-mtp.bosch.com</HostAddress>
			<UserGroup>IntRAS</UserGroup>
		</HostEntry>
		<HostEntry>
			<HostName>IntRAS APAC SGP</HostName>
			<HostAddress>rasvpn-ihc-apac-sgp.bosch.com</HostAddress>
			<UserGroup>IntRAS</UserGroup>
		</HostEntry>
		<HostEntry>
			<HostName>IntRAS APAC India</HostName>
			<HostAddress>rasvpn-ihc-apac-ban.bosch.com</HostAddress>
			<UserGroup>IntRAS</UserGroup>
		</HostEntry>
		<HostEntry>
			<HostName>IntRAS APAC China</HostName>
			<HostAddress>rasvpn-ihc-apac-szh.bosch.com.cn</HostAddress>
			<UserGroup>IntRAS</UserGroup>
		</HostEntry>
	</ServerList>
</AnyConnectProfile>
